<!-- 
********************************************************
FILE DESCRITTORE DI LIBRARY/MALE/05/08 » STUFF/MASCHERE
******************************************************** 

» SCALER ~ indica di quanto scalare le thumb
» XPOS e YPOS ~ indica di quanto traslare le thumb

» CANVAS ~ rappresenta in quale canvas (1-7) va inserita la grafica 
» MCLEV ~ rappresenta in quale livello nel canvas box va la grafica

» DEFCOL ~ rappresenta l'id del colore di default sXX oppure mXX

» DELETER ~ indica se c'è l'icona X nella libreria thumb
-->



<?xml version="1.0" encoding="utf-8"?>

<treeRoot main_path="library/m/05/08" movies="4" scaler="100" xPos="0" yPos="0" defcol="m12"  canvas="1" mclev="0">

	<item>deleter</item>
	
	<item>01.swf</item>
    
    <item>02.swf</item>
    
    <item>03.swf</item>

</treeRoot>