<!-- 
********************************************************
FILE DESCRITTORE DI LIBRARY/MALE/01/02 » FACCIA/ORECCHIE
******************************************************* 

» SCALER ~ indica di quanto scalare le thumb
» XPOS e YPOS ~ indica di quanto traslare le thumb

» CANVAS ~ rappresenta in quale canvas (1-7) va inserita la grafica 
» MCLEV ~ rappresenta in quale livello nel canvas box va la grafica

» DEFCOL ~ rappresenta l'id del colore di default sXX oppure mXX

» DELETER ~ indica se c'è l'icona X nella libreria thumb
-->



<?xml version="1.0" encoding="utf-8"?>

<treeRoot main_path="library/m/01/02" movies="4" scaler="35" xPos="-214" yPos="-124" defcol="s02" canvas="5" mclev="0">
	
	<item>01.swf</item>
	<item>02.swf</item>
	<item>03.swf</item>
	<item>04.swf</item>
    <item>05.swf</item>
    <item>06.swf</item>

	
</treeRoot>